﻿[
  {
    "EqList": [
        {
            "Id": "1.730.1.0.0.0",
            "Name": "RUNTIME_1::Eq1",
            "States": [
                {
                    "Color": "FF1EFF00",
                    "Id": "1.744.53.0.0.0",
                    "IsOverall": 0,
                    "Name": "Running",
                    "Priority": 0,
                    "Times": [
                        {
                            "End": "2017-04-19T11:33:30.344Z",
                            "EndNano": "131370752103446170",
                            "InstanceId": "{F9630D0C-7B8D-4A71-AC04-7314AF347A78}",
                            "IsDefault": 0,
                            "IsOpen": 0,
                            "Quality": 192,
                            "Start": "2017-04-19T11:00:19.404Z",
                            "StartNano": "131370751994044046"
                        },
                        {
                            "End": "2017-04-19T11:33:30.344Z",
                            "EndNano": "131370752103446170",
                            "InstanceId": "{F9630D0C-7B8D-4A71-AC04-7314AF347A78}",
                            "IsDefault": 0,
                            "IsOpen": 0,
                            "Quality": 192,
                            "Start": "2017-04-19T11:33:19.404Z",
                            "StartNano": "131370751994044046"
                        },
                        {
                            "End": "2017-04-19T11:34:22.500Z",
                            "EndNano": "131370752625006216",
                            "InstanceId": "{CD9C0DA4-A38F-428B-9CF2-A61A7B77C5CB}",
                            "IsDefault": 0,
                            "IsOpen": 0,
                            "Quality": 192,
                            "Start": "2017-04-19T11:34:09.916Z",
                            "StartNano": "131370752499163765"
                        },
                        {
                            "End": "2017-04-19T11:35:13.796Z",
                            "EndNano": "131370753137966119",
                            "InstanceId": "{31215C5B-9435-4557-AE17-B2FA8B52B960}",
                            "IsDefault": 0,
                            "IsOpen": 0,
                            "Quality": 192,
                            "Start": "2017-04-19T11:35:01.182Z",
                            "StartNano": "131370753011823659"
                        },
                        {
                            "End": "2017-04-19T11:36:04.335Z",
                            "EndNano": "131370753643355845",
                            "InstanceId": "{7775C508-85A6-44BA-9F30-9F0BE2FEF3D8}",
                            "IsDefault": 0,
                            "IsOpen": 0,
                            "Quality": 192,
                            "Start": "2017-04-19T11:35:51.174Z",
                            "StartNano": "131370753511743318"
                        },
                        {
                            "End": "2017-04-19T11:36:54.905Z",
                            "EndNano": "131370754149055658",
                            "InstanceId": "{B491B1A0-F16D-417D-9301-A6F6EEBEB5A1}",
                            "IsDefault": 0,
                            "IsOpen": 0,
                            "Quality": 192,
                            "Start": "2017-04-19T11:36:42.236Z",
                            "StartNano": "131370754022363161"
                        },
                        {
                            "End": "2017-04-19T11:37:45.174Z",
                            "EndNano": "131370754651745295",
                            "InstanceId": "{AD23030D-113F-4893-8F41-D1E1AA336BE4}",
                            "IsDefault": 0,
                            "IsOpen": 0,
                            "Quality": 192,
                            "Start": "2017-04-19T11:37:32.726Z",
                            "StartNano": "131370754527262902"
                        },
                        {
                            "End": "2017-04-19T11:38:36.469Z",
                            "EndNano": "131370755164693917",
                            "InstanceId": "{E46AFF2E-E33F-49D7-ADBF-E00ADF0B7594}",
                            "IsDefault": 0,
                            "IsOpen": 0,
                            "Quality": 192,
                            "Start": "2017-04-19T11:38:24.015Z",
                            "StartNano": "131370755040152724"
                        },
                        {
                            "End": "2017-04-19T11:39:26.783Z",
                            "EndNano": "131370755667839096",
                            "InstanceId": "{D5A256C2-3C29-45F2-89CD-739C7C744483}",
                            "IsDefault": 0,
                            "IsOpen": 0,
                            "Quality": 192,
                            "Start": "2017-04-19T11:39:14.517Z",
                            "StartNano": "131370755545178045"
                        },
                        {
                            "End": "2017-04-19T11:40:17.731Z",
                            "EndNano": "131370756177314830",
                            "InstanceId": "{D0C6F955-F75B-4EED-8C57-BD1FB62B3BC6}",
                            "IsDefault": 0,
                            "IsOpen": 0,
                            "Quality": 192,
                            "Start": "2017-04-19T11:40:04.244Z",
                            "StartNano": "131370756042442724"
                        },
                        {
                            "End": "2017-04-19T11:41:07.651Z",
                            "EndNano": "131370756676519624",
                            "InstanceId": "{A4050700-8185-49D3-B6A5-52B0CF3D9A05}",
                            "IsDefault": 0,
                            "IsOpen": 0,
                            "Quality": 192,
                            "Start": "2017-04-19T11:40:55.097Z",
                            "StartNano": "131370756550978379"
                        },
                        {
                            "End": "2017-04-19T11:41:55.615Z",
                            "EndNano": "131370757156152701",
                            "InstanceId": "{E9DBE7E1-AA1B-445A-A4CF-1301582FE201}",
                            "IsDefault": 0,
                            "IsOpen": 0,
                            "Quality": 192,
                            "Start": "2017-04-19T11:41:45.106Z",
                            "StartNano": "131370757051063279"
                        },
                        {
                            "End": "2017-04-19T11:42:36.119Z",
                            "EndNano": "131370757561199074",
                            "InstanceId": "{53A53C74-C843-498C-BF7F-D7F6FC5F24EF}",
                            "IsDefault": 0,
                            "IsOpen": 0,
                            "Quality": 192,
                            "Start": "2017-04-19T11:42:26.011Z",
                            "StartNano": "131370757460119986"
                        },
                        {
                            "End": "2017-04-19T11:43:20.325Z",
                            "EndNano": "131370758003257710",
                            "InstanceId": "{A3B64B2B-0BD2-4E33-B257-3B523BBA428E}",
                            "IsDefault": 0,
                            "IsOpen": 0,
                            "Quality": 192,
                            "Start": "2017-04-19T11:43:10.269Z",
                            "StartNano": "131370757902693197"
                        }
                    ],
                    "Type": 4
                },
                {
                    "Color": "FFD88DF4",
                    "Id": "1.744.56.0.0.0",
                    "IsOverall": 0,
                    "Name": "Maintenance",
                    "Priority": 1,
                    "Times": [
                        {
                            "End": "2017-04-19T11:33:42.758Z",
                            "EndNano": "131370752227588553",
                            "InstanceId": "{8B3C3DB0-4A01-425E-845E-8BF0CBEAA63E}",
                            "IsDefault": 0,
                            "IsOpen": 0,
                            "Quality": 192,
                            "Start": "2017-04-19T11:33:30.344Z",
                          "StartNano": "131370752103446170",
                          "IsMicroStop": true
                        },
                        {
                            "End": "2017-04-19T11:34:35.363Z",
                            "EndNano": "131370752753638695",
                            "InstanceId": "{8A06A8AC-4269-45B3-BE34-A25C4052FD2C}",
                            "IsDefault": 0,
                            "IsOpen": 0,
                            "Quality": 192,
                            "Start": "2017-04-19T11:34:22.500Z",
                            "StartNano": "131370752625006216",
                          "IsMicroStop": true
                        },
                        {
                            "End": "2017-04-19T11:35:26.299Z",
                            "EndNano": "131370753262998526",
                            "InstanceId": "{EF4C248E-A920-4448-B2AA-A765DCE4797E}",
                            "IsDefault": 0,
                            "IsOpen": 0,
                            "Quality": 192,
                            "Start": "2017-04-19T11:35:13.796Z",
                            "StartNano": "131370753137966119",
                          "IsMicroStop": true
                        },
                        {
                            "End": "2017-04-19T11:36:17.040Z",
                            "EndNano": "131370753770408296",
                            "InstanceId": "{EA8B859D-9C97-4832-81C6-A4E7B7AC649D}",
                            "IsDefault": 0,
                            "IsOpen": 0,
                            "Quality": 192,
                            "Start": "2017-04-19T11:36:04.335Z",
                            "StartNano": "131370753643355845",
                          "IsMicroStop": true
                        },
                        {
                            "End": "2017-04-19T11:37:07.606Z",
                            "EndNano": "131370754276068056",
                            "InstanceId": "{BB291D47-14C4-40A7-A33B-7AC6714B1010}",
                            "IsDefault": 0,
                            "IsOpen": 0,
                            "Quality": 192,
                            "Start": "2017-04-19T11:36:54.905Z",
                            "StartNano": "131370754149055658",
                          "IsMicroStop": true
                        },
                        {
                            "End": "2017-04-19T11:37:58.083Z",
                            "EndNano": "131370754780839465",
                            "InstanceId": "{53E698C5-1A71-4FD1-AF70-8F4BF660DE41}",
                            "IsDefault": 0,
                            "IsOpen": 0,
                            "Quality": 192,
                            "Start": "2017-04-19T11:37:45.174Z",
                            "StartNano": "131370754651745295",
                          "IsMicroStop": true
                        },
                        {
                            "End": "2017-04-19T11:38:48.871Z",
                            "EndNano": "131370755288715055",
                            "InstanceId": "{16D47601-3E9A-4375-BC1E-0D7AD46697BE}",
                            "IsDefault": 0,
                            "IsOpen": 0,
                            "Quality": 192,
                            "Start": "2017-04-19T11:38:36.469Z",
                            "StartNano": "131370755164693917",
                          "IsMicroStop": true
                        },
                        {
                            "End": "2017-04-19T11:39:39.328Z",
                            "EndNano": "131370755793280797",
                            "InstanceId": "{A43DD869-6EAB-4E26-9965-72329529879D}",
                            "IsDefault": 0,
                            "IsOpen": 0,
                            "Quality": 192,
                            "Start": "2017-04-19T11:39:26.783Z",
                            "StartNano": "131370755667839096",
                          "IsMicroStop": true
                        },
                        {
                            "End": "2017-04-19T11:40:30.214Z",
                            "EndNano": "131370756302146034",
                            "InstanceId": "{4B8AA12A-D9C7-4D03-98F0-2044BDF716F7}",
                            "IsDefault": 0,
                            "IsOpen": 0,
                            "Quality": 192,
                            "Start": "2017-04-19T11:40:17.731Z",
                            "StartNano": "131370756177314830",
                          "IsMicroStop": false
                        },
                        {
                            "End": "2017-04-19T11:41:20.551Z",
                            "EndNano": "131370756805511226",
                            "InstanceId": "{05B26458-82E1-4B55-9307-8D0A43403565}",
                            "IsDefault": 0,
                            "IsOpen": 0,
                            "Quality": 192,
                            "Start": "2017-04-19T11:41:07.651Z",
                            "StartNano": "131370756676519624",
                          "IsMicroStop": false
                        },
                        {
                            "End": "2017-04-19T11:42:05.727Z",
                            "EndNano": "131370757257271773",
                            "InstanceId": "{EC333BD7-9426-4CFD-9C3F-1EF591D99D0F}",
                            "IsDefault": 0,
                            "IsOpen": 0,
                            "Quality": 192,
                            "Start": "2017-04-19T11:41:55.615Z",
                            "StartNano": "131370757156152701",
                          "IsMicroStop": false
                        },
                        {
                            "End": "2017-04-19T11:42:46.194Z",
                            "EndNano": "131370757661948112",
                            "InstanceId": "{FD48BC82-6B19-47EF-91C4-A4A18B1033FE}",
                            "IsDefault": 0,
                            "IsOpen": 0,
                            "Quality": 192,
                            "Start": "2017-04-19T11:42:36.119Z",
                            "StartNano": "131370757561199074",
                          "IsMicroStop": false
                        },
                        {
                            "End": "2017-04-19T11:43:30.491Z",
                            "EndNano": "131370758104912270",
                            "InstanceId": "{068BA816-3221-4D65-85F3-D80C5BED9F10}",
                            "IsDefault": 0,
                            "IsOpen": 0,
                            "Quality": 192,
                            "Start": "2017-04-19T11:43:20.325Z",
                            "StartNano": "131370758003257710",
                          "IsMicroStop": false
                        }
                    ],
                    "Type": 4
                },
                {
                    "Color": "FFFF0000",
                    "Id": "1.744.58.0.0.0",
                    "IsOverall": 0,
                    "Name": "Error",
                    "Priority": 2,
                    "Times": [
                        {
                            "End": "2017-04-19T11:33:57.864Z",
                            "EndNano": "131370752378641466",
                            "InstanceId": "{F4FF9AF7-2EBB-40FF-B31B-831C0C85FD41}",
                            "IsDefault": 0,
                            "IsOpen": 0,
                            "Quality": 192,
                            "Start": "2017-04-19T11:33:42.758Z",
                            "StartNano": "131370752227588553",
                          "IsMicroStop": false
                        },
                        {
                            "End": "2017-04-19T11:34:48.226Z",
                            "EndNano": "131370752882261175",
                            "InstanceId": "{08A4D6BE-928D-42FC-88E1-224EEB7D6817}",
                            "IsDefault": 0,
                            "IsOpen": 0,
                            "Quality": 192,
                            "Start": "2017-04-19T11:34:35.363Z",
                            "StartNano": "131370752753638695",
                          "IsMicroStop": false
                        },
                        {
                            "End": "2017-04-19T11:35:38.652Z",
                            "EndNano": "131370753386520903",
                            "InstanceId": "{41DBEA2A-3EAE-42F4-9308-2A1E77DE1557}",
                            "IsDefault": 0,
                            "IsOpen": 0,
                            "Quality": 192,
                            "Start": "2017-04-19T11:35:26.299Z",
                            "StartNano": "131370753262998526",
                          "IsMicroStop": true
                        },
                        {
                            "End": "2017-04-19T11:36:29.546Z",
                            "EndNano": "131370753895460709",
                            "InstanceId": "{745F7597-B839-4E22-B99E-44B1F896D6BB}",
                            "IsDefault": 0,
                            "IsOpen": 0,
                            "Quality": 192,
                            "Start": "2017-04-19T11:36:17.040Z",
                            "StartNano": "131370753770408296",
                          "IsMicroStop": true
                        },
                        {
                            "End": "2017-04-19T11:37:20.265Z",
                            "EndNano": "131370754402650540",
                            "InstanceId": "{8C73D063-777B-4E27-977A-E9EB2BE51448}",
                            "IsDefault": 0,
                            "IsOpen": 0,
                            "Quality": 192,
                            "Start": "2017-04-19T11:37:07.606Z",
                            "StartNano": "131370754276068056",
                          "IsMicroStop": true
                        },
                        {
                            "End": "2017-04-19T11:38:11.062Z",
                            "EndNano": "131370754910621125",
                            "InstanceId": "{2214B24A-C0FF-4301-923F-66C01FF24E14}",
                            "IsDefault": 0,
                            "IsOpen": 0,
                            "Quality": 192,
                            "Start": "2017-04-19T11:37:58.083Z",
                            "StartNano": "131370754780839465",
                          "IsMicroStop": true
                        },
                        {
                            "End": "2017-04-19T11:39:01.517Z",
                            "EndNano": "131370755415176391",
                            "InstanceId": "{0D379482-7631-4345-B06A-C44D12DE6856}",
                            "IsDefault": 0,
                            "IsOpen": 0,
                            "Quality": 192,
                            "Start": "2017-04-19T11:38:48.871Z",
                            "StartNano": "131370755288715055",
                          "IsMicroStop": true
                        },
                        {
                            "End": "2017-04-19T11:39:51.772Z",
                            "EndNano": "131370755917721521",
                            "InstanceId": "{5D895FF2-886F-4CE8-B4AD-AD3197C5AAF7}",
                            "IsDefault": 0,
                            "IsOpen": 0,
                            "Quality": 192,
                            "Start": "2017-04-19T11:39:39.328Z",
                            "StartNano": "131370755793280797",
                          "IsMicroStop": true
                        },
                        {
                            "End": "2017-04-19T11:40:42.717Z",
                            "EndNano": "131370756427177251",
                            "InstanceId": "{A5996753-2251-491B-A06F-12CB090D8B39}",
                            "IsDefault": 0,
                            "IsOpen": 0,
                            "Quality": 192,
                            "Start": "2017-04-19T11:40:30.214Z",
                          "StartNano": "131370756302146034",
                          "IsMicroStop": false

                        },
                        {
                            "End": "2017-04-19T11:41:33.331Z",
                            "EndNano": "131370756933315985",
                            "InstanceId": "{09243C50-68F8-4926-8CDE-A0150E347F8F}",
                            "IsDefault": 0,
                            "IsOpen": 0,
                            "Quality": 192,
                            "Start": "2017-04-19T11:41:20.551Z",
                            "StartNano": "131370756805511226",
                          "IsMicroStop": false
                        },
                        {
                            "End": "2017-04-19T11:42:15.925Z",
                            "EndNano": "131370757359250936",
                            "InstanceId": "{043DE40C-749B-4E65-8BEE-EA2B7B5E2817}",
                            "IsDefault": 0,
                            "IsOpen": 0,
                            "Quality": 192,
                            "Start": "2017-04-19T11:42:05.727Z",
                            "StartNano": "131370757257271773",
                          "IsMicroStop": false
                        },
                        {
                            "End": "2017-04-19T11:43:00.101Z",
                            "EndNano": "131370757801018634",
                            "InstanceId": "{70A2E18E-3F8F-4489-846A-A4856FA7B691}",
                            "IsDefault": 0,
                            "IsOpen": 0,
                            "Quality": 192,
                            "Start": "2017-04-19T11:42:46.194Z",
                            "StartNano": "131370757661948112",
                          "IsMicroStop": false
                        },
                        {
                            "End": "2017-04-19T11:43:27.831Z",
                            "EndNano": "131370758078310000",
                            "InstanceId": "{F6502C9E-45E0-44A0-A92A-9732A1ABCC52}",
                            "IsDefault": 0,
                            "IsOpen": 1,
                            "Quality": 192,
                            "Start": "2017-04-19T11:43:30.491Z",
                            "StartNano": "131370758104912270",
                          "IsMicroStop": false
                        }
                    ],
                    "Type": 4
                },
                {
                    "Color": "FFFFFF00",
                    "Id": "1.744.60.0.0.0",
                    "IsOverall": 0,
                    "Name": "Stop",
                    "Priority": 4,
                    "Times": [
                        {
                            "End": "2017-04-19T11:34:09.916Z",
                            "EndNano": "131370752499163765",
                            "InstanceId": "{2540812A-C0D8-4BFC-B230-5F6D7161AB55}",
                            "IsDefault": 0,
                            "IsOpen": 0,
                            "Quality": 192,
                            "Start": "2017-04-19T11:33:57.864Z",
                            "StartNano": "131370752378641466",
                          "IsMicroStop": false
                        },
                        {
                            "End": "2017-04-19T11:35:01.182Z",
                            "EndNano": "131370753011823659",
                            "InstanceId": "{4DCB0318-A743-41C1-9565-F6B9A9776AA9}",
                            "IsDefault": 0,
                            "IsOpen": 0,
                            "Quality": 192,
                            "Start": "2017-04-19T11:34:48.226Z",
                            "StartNano": "131370752882261175",
                          "IsMicroStop": false
                        },
                        {
                            "End": "2017-04-19T11:35:51.174Z",
                            "EndNano": "131370753511743318",
                            "InstanceId": "{11FDDC5F-6AAE-4D92-909E-0FBF5D33CB62}",
                            "IsDefault": 0,
                            "IsOpen": 0,
                            "Quality": 192,
                            "Start": "2017-04-19T11:35:38.652Z",
                            "StartNano": "131370753386520903",
                          "IsMicroStop": true
                        },
                        {
                            "End": "2017-04-19T11:36:42.236Z",
                            "EndNano": "131370754022363161",
                            "InstanceId": "{B6007993-16AC-414B-9863-375CC176C62F}",
                            "IsDefault": 0,
                            "IsOpen": 0,
                            "Quality": 192,
                            "Start": "2017-04-19T11:36:29.546Z",
                            "StartNano": "131370753895460709",
                          "IsMicroStop": false
                        },
                        {
                            "End": "2017-04-19T11:37:32.726Z",
                            "EndNano": "131370754527262902",
                            "InstanceId": "{545866CB-C2AF-47F1-B52F-0DE2232EC395}",
                            "IsDefault": 0,
                            "IsOpen": 0,
                            "Quality": 192,
                            "Start": "2017-04-19T11:37:20.265Z",
                            "StartNano": "131370754402650540",
                          "IsMicroStop": false
                        },
                        {
                            "End": "2017-04-19T11:38:24.015Z",
                            "EndNano": "131370755040152724",
                            "InstanceId": "{12BD807B-39A6-40F8-832E-67724456B5ED}",
                            "IsDefault": 0,
                            "IsOpen": 0,
                            "Quality": 192,
                            "Start": "2017-04-19T11:38:11.062Z",
                            "StartNano": "131370754910621125",
                          "IsMicroStop": false
                        },
                        {
                            "End": "2017-04-19T11:39:14.517Z",
                            "EndNano": "131370755545178045",
                            "InstanceId": "{D2610761-3564-450F-A2CF-2E1FA4EB431F}",
                            "IsDefault": 0,
                            "IsOpen": 0,
                            "Quality": 192,
                            "Start": "2017-04-19T11:39:01.517Z",
                            "StartNano": "131370755415176391",
                          "IsMicroStop": true
                        },
                        {
                            "End": "2017-04-19T11:40:04.244Z",
                            "EndNano": "131370756042442724",
                            "InstanceId": "{4CF5CFB5-710C-4FE0-B0F1-74B3AED73638}",
                            "IsDefault": 0,
                            "IsOpen": 0,
                            "Quality": 192,
                            "Start": "2017-04-19T11:39:51.772Z",
                            "StartNano": "131370755917721521",
                          "IsMicroStop": false
                        },
                        {
                            "End": "2017-04-19T11:40:55.097Z",
                            "EndNano": "131370756550978379",
                            "InstanceId": "{FFBD78FD-9B0D-4293-9FB6-9C8706B93F33}",
                            "IsDefault": 0,
                            "IsOpen": 0,
                            "Quality": 192,
                            "Start": "2017-04-19T11:40:42.717Z",
                            "StartNano": "131370756427177251",
                          "IsMicroStop": false
                        },
                        {
                            "End": "2017-04-19T11:41:45.106Z",
                            "EndNano": "131370757051063279",
                            "InstanceId": "{731A48A3-AD46-4C06-9360-B55697525233}",
                            "IsDefault": 0,
                            "IsOpen": 0,
                            "Quality": 192,
                            "Start": "2017-04-19T11:41:33.331Z",
                            "StartNano": "131370756933315985",
                          "IsMicroStop": true
                        },
                        {
                            "End": "2017-04-19T11:42:26.011Z",
                            "EndNano": "131370757460119986",
                            "InstanceId": "{50D44200-90FD-40CB-B6A2-1E484D37A442}",
                            "IsDefault": 0,
                            "IsOpen": 0,
                            "Quality": 192,
                            "Start": "2017-04-19T11:42:15.925Z",
                            "StartNano": "131370757359250936",
                          "IsMicroStop": false
                        },
                        {
                            "End": "2017-04-19T11:43:10.269Z",
                            "EndNano": "131370757902693197",
                            "InstanceId": "{5D488B26-61BB-4A59-8173-D1DAD4951FA0}",
                            "IsDefault": 0,
                            "IsOpen": 0,
                            "Quality": 192,
                            "Start": "2017-04-19T11:43:00.101Z",
                            "StartNano": "131370757801018634",
                          "IsMicroStop": false
                        }
                    ],
                    "Type": 4
                }
            ]
        },
        {
        "Id": "1.730.2.0.0.0",
        "Name": "RUNTIME_1::Eq2",
        "States": [
          {
            "Color": "FF1EFF00",
            "Id": "1.744.53.0.0.0",
            "IsOverall": 0,
            "Name": "Running",
            "Priority": 0,
            "Times": [
            {
                "End": "2017-04-19T11:33:30.344Z",
                "EndNano": "131370752103446170",
                "InstanceId": "{F9630D0C-7B8D-4A71-AC04-7314AF347A78}",
                "IsDefault": 0,
                "IsOpen": 0,
                "Quality": 192,
                "Start": "2017-04-19T11:00:19.404Z",
                "StartNano": "131370751994044046",
                          "IsMicroStop": false
              },
                {
                    "End": "2017-04-19T11:33:30.344Z",
                    "EndNano": "131370752103446170",
                    "InstanceId": "{F9630D0C-7B8D-4A71-AC04-7314AF347A78}",
                    "IsDefault": 0,
                    "IsOpen": 0,
                    "Quality": 192,
                    "Start": "2017-04-19T11:33:19.404Z",
                    "StartNano": "131370751994044046",
                          "IsMicroStop": false
                },
                {
                    "End": "2017-04-19T11:34:22.500Z",
                    "EndNano": "131370752625006216",
                    "InstanceId": "{CD9C0DA4-A38F-428B-9CF2-A61A7B77C5CB}",
                    "IsDefault": 0,
                    "IsOpen": 0,
                    "Quality": 192,
                    "Start": "2017-04-19T11:34:09.916Z",
                    "StartNano": "131370752499163765",
                          "IsMicroStop": false
                },
                {
                    "End": "2017-04-19T11:35:13.796Z",
                    "EndNano": "131370753137966119",
                    "InstanceId": "{31215C5B-9435-4557-AE17-B2FA8B52B960}",
                    "IsDefault": 0,
                    "IsOpen": 0,
                    "Quality": 192,
                    "Start": "2017-04-19T11:35:01.182Z",
                    "StartNano": "131370753011823659",
                          "IsMicroStop": true
                },
                {
                    "End": "2017-04-19T11:36:04.335Z",
                    "EndNano": "131370753643355845",
                    "InstanceId": "{7775C508-85A6-44BA-9F30-9F0BE2FEF3D8}",
                    "IsDefault": 0,
                    "IsOpen": 0,
                    "Quality": 192,
                    "Start": "2017-04-19T11:35:51.174Z",
                    "StartNano": "131370753511743318",
                          "IsMicroStop": false
                },
                {
                    "End": "2017-04-19T11:36:54.905Z",
                    "EndNano": "131370754149055658",
                    "InstanceId": "{B491B1A0-F16D-417D-9301-A6F6EEBEB5A1}",
                    "IsDefault": 0,
                    "IsOpen": 0,
                    "Quality": 192,
                    "Start": "2017-04-19T11:36:42.236Z",
                    "StartNano": "131370754022363161",
                          "IsMicroStop": false
                },
                {
                    "End": "2017-04-19T11:37:45.174Z",
                    "EndNano": "131370754651745295",
                    "InstanceId": "{AD23030D-113F-4893-8F41-D1E1AA336BE4}",
                    "IsDefault": 0,
                    "IsOpen": 0,
                    "Quality": 192,
                    "Start": "2017-04-19T11:37:32.726Z",
                    "StartNano": "131370754527262902",
                          "IsMicroStop": false
                },
                {
                    "End": "2017-04-19T11:38:36.469Z",
                    "EndNano": "131370755164693917",
                    "InstanceId": "{E46AFF2E-E33F-49D7-ADBF-E00ADF0B7594}",
                    "IsDefault": 0,
                    "IsOpen": 0,
                    "Quality": 192,
                    "Start": "2017-04-19T11:38:24.015Z",
                    "StartNano": "131370755040152724",
                          "IsMicroStop": false
                },
                {
                    "End": "2017-04-19T11:39:26.783Z",
                    "EndNano": "131370755667839096",
                    "InstanceId": "{D5A256C2-3C29-45F2-89CD-739C7C744483}",
                    "IsDefault": 0,
                    "IsOpen": 0,
                    "Quality": 192,
                    "Start": "2017-04-19T11:39:14.517Z",
                    "StartNano": "131370755545178045",
                          "IsMicroStop": false
                },
                {
                    "End": "2017-04-19T11:40:17.731Z",
                    "EndNano": "131370756177314830",
                    "InstanceId": "{D0C6F955-F75B-4EED-8C57-BD1FB62B3BC6}",
                    "IsDefault": 0,
                    "IsOpen": 0,
                    "Quality": 192,
                    "Start": "2017-04-19T11:40:04.244Z",
                    "StartNano": "131370756042442724",
                          "IsMicroStop": false
                },
                {
                    "End": "2017-04-19T11:41:07.651Z",
                    "EndNano": "131370756676519624",
                    "InstanceId": "{A4050700-8185-49D3-B6A5-52B0CF3D9A05}",
                    "IsDefault": 0,
                    "IsOpen": 0,
                    "Quality": 192,
                    "Start": "2017-04-19T11:40:55.097Z",
                    "StartNano": "131370756550978379",
                          "IsMicroStop": true
                },
                {
                    "End": "2017-04-19T11:41:55.615Z",
                    "EndNano": "131370757156152701",
                    "InstanceId": "{E9DBE7E1-AA1B-445A-A4CF-1301582FE201}",
                    "IsDefault": 0,
                    "IsOpen": 0,
                    "Quality": 192,
                    "Start": "2017-04-19T11:41:45.106Z",
                    "StartNano": "131370757051063279",
                          "IsMicroStop": false
                },
                {
                    "End": "2017-04-19T11:42:36.119Z",
                    "EndNano": "131370757561199074",
                    "InstanceId": "{53A53C74-C843-498C-BF7F-D7F6FC5F24EF}",
                    "IsDefault": 0,
                    "IsOpen": 0,
                    "Quality": 192,
                    "Start": "2017-04-19T11:42:26.011Z",
                    "StartNano": "131370757460119986",
                          "IsMicroStop": false
                },
                {
                    "End": "2017-04-19T11:43:20.325Z",
                    "EndNano": "131370758003257710",
                    "InstanceId": "{A3B64B2B-0BD2-4E33-B257-3B523BBA428E}",
                    "IsDefault": 0,
                    "IsOpen": 0,
                    "Quality": 192,
                    "Start": "2017-04-19T11:43:10.269Z",
                    "StartNano": "131370757902693197",
                          "IsMicroStop": true
                }
            ],
            "Type": 4
          },
          {
            "Color": "FFD88DF4",
            "Id": "1.744.56.0.0.0",
            "IsOverall": 0,
            "Name": "Maintenance",
            "Priority": 1,
            "Times": [
              {
                "End": "2017-04-19T11:33:42.758Z",
                "EndNano": "131370752227588553",
                "InstanceId": "{8B3C3DB0-4A01-425E-845E-8BF0CBEAA63E}",
                "IsDefault": 0,
                "IsOpen": 0,
                "Quality": 192,
                "Start": "2017-04-19T11:33:30.344Z",
                "StartNano": "131370752103446170",
                          "IsMicroStop": false
              },
              {
                "End": "2017-04-19T11:34:35.363Z",
                "EndNano": "131370752753638695",
                "InstanceId": "{8A06A8AC-4269-45B3-BE34-A25C4052FD2C}",
                "IsDefault": 0,
                "IsOpen": 0,
                "Quality": 192,
                "Start": "2017-04-19T11:34:22.500Z",
                "StartNano": "131370752625006216",
                          "IsMicroStop": false
              },
              {
                "End": "2017-04-19T11:35:26.299Z",
                "EndNano": "131370753262998526",
                "InstanceId": "{EF4C248E-A920-4448-B2AA-A765DCE4797E}",
                "IsDefault": 0,
                "IsOpen": 0,
                "Quality": 192,
                "Start": "2017-04-19T11:35:13.796Z",
                "StartNano": "131370753137966119",
                          "IsMicroStop": false
              },
              {
                "End": "2017-04-19T11:36:17.040Z",
                "EndNano": "131370753770408296",
                "InstanceId": "{EA8B859D-9C97-4832-81C6-A4E7B7AC649D}",
                "IsDefault": 0,
                "IsOpen": 0,
                "Quality": 192,
                "Start": "2017-04-19T11:36:04.335Z",
                "StartNano": "131370753643355845",
                          "IsMicroStop": true
              },
              {
                "End": "2017-04-19T11:37:07.606Z",
                "EndNano": "131370754276068056",
                "InstanceId": "{BB291D47-14C4-40A7-A33B-7AC6714B1010}",
                "IsDefault": 0,
                "IsOpen": 0,
                "Quality": 192,
                "Start": "2017-04-19T11:36:54.905Z",
                "StartNano": "131370754149055658",
                          "IsMicroStop": false
              },
              {
                "End": "2017-04-19T11:37:58.083Z",
                "EndNano": "131370754780839465",
                "InstanceId": "{53E698C5-1A71-4FD1-AF70-8F4BF660DE41}",
                "IsDefault": 0,
                "IsOpen": 0,
                "Quality": 192,
                "Start": "2017-04-19T11:37:45.174Z",
                "StartNano": "131370754651745295",
                          "IsMicroStop": false
              },
              {
                "End": "2017-04-19T11:38:48.871Z",
                "EndNano": "131370755288715055",
                "InstanceId": "{16D47601-3E9A-4375-BC1E-0D7AD46697BE}",
                "IsDefault": 0,
                "IsOpen": 0,
                "Quality": 192,
                "Start": "2017-04-19T11:38:36.469Z",
                "StartNano": "131370755164693917",
                          "IsMicroStop": false
              },
              {
                "End": "2017-04-19T11:39:39.328Z",
                "EndNano": "131370755793280797",
                "InstanceId": "{A43DD869-6EAB-4E26-9965-72329529879D}",
                "IsDefault": 0,
                "IsOpen": 0,
                "Quality": 192,
                "Start": "2017-04-19T11:39:26.783Z",
                "StartNano": "131370755667839096",
                          "IsMicroStop": false
              },
              {
                "End": "2017-04-19T11:40:30.214Z",
                "EndNano": "131370756302146034",
                "InstanceId": "{4B8AA12A-D9C7-4D03-98F0-2044BDF716F7}",
                "IsDefault": 0,
                "IsOpen": 0,
                "Quality": 192,
                "Start": "2017-04-19T11:40:17.731Z",
                "StartNano": "131370756177314830",
                          "IsMicroStop": false
              },
              {
                "End": "2017-04-19T11:41:20.551Z",
                "EndNano": "131370756805511226",
                "InstanceId": "{05B26458-82E1-4B55-9307-8D0A43403565}",
                "IsDefault": 0,
                "IsOpen": 0,
                "Quality": 192,
                "Start": "2017-04-19T11:41:07.651Z",
                "StartNano": "131370756676519624",
                          "IsMicroStop": false
              },
              {
                "End": "2017-04-19T11:42:05.727Z",
                "EndNano": "131370757257271773",
                "InstanceId": "{EC333BD7-9426-4CFD-9C3F-1EF591D99D0F}",
                "IsDefault": 0,
                "IsOpen": 0,
                "Quality": 192,
                "Start": "2017-04-19T11:41:55.615Z",
                "StartNano": "131370757156152701",
                          "IsMicroStop": false
              },
              {
                "End": "2017-04-19T11:42:46.194Z",
                "EndNano": "131370757661948112",
                "InstanceId": "{FD48BC82-6B19-47EF-91C4-A4A18B1033FE}",
                "IsDefault": 0,
                "IsOpen": 0,
                "Quality": 192,
                "Start": "2017-04-19T11:42:36.119Z",
                "StartNano": "131370757561199074",
                          "IsMicroStop": false
              },
              {
                "End": "2017-04-19T11:43:30.491Z",
                "EndNano": "131370758104912270",
                "InstanceId": "{068BA816-3221-4D65-85F3-D80C5BED9F10}",
                "IsDefault": 0,
                "IsOpen": 0,
                "Quality": 192,
                "Start": "2017-04-19T11:43:20.325Z",
                "StartNano": "131370758003257710",
                          "IsMicroStop": false
              }
            ],
            "Type": 4
          },
          {
            "Color": "FFFF0000",
            "Id": "1.744.58.0.0.0",
            "IsOverall": 0,
            "Name": "Error",
            "Priority": 2,
            "Times": [
              {
                "End": "2017-04-19T11:33:57.864Z",
                "EndNano": "131370752378641466",
                "InstanceId": "{F4FF9AF7-2EBB-40FF-B31B-831C0C85FD41}",
                "IsDefault": 0,
                "IsOpen": 0,
                "Quality": 192,
                "Start": "2017-04-19T11:33:42.758Z",
                "StartNano": "131370752227588553",
                          "IsMicroStop": false
              },
              {
                "End": "2017-04-19T11:34:48.226Z",
                "EndNano": "131370752882261175",
                "InstanceId": "{08A4D6BE-928D-42FC-88E1-224EEB7D6817}",
                "IsDefault": 0,
                "IsOpen": 0,
                "Quality": 192,
                "Start": "2017-04-19T11:34:35.363Z",
                "StartNano": "131370752753638695",
                          "IsMicroStop": false
              },
              {
                "End": "2017-04-19T11:35:38.652Z",
                "EndNano": "131370753386520903",
                "InstanceId": "{41DBEA2A-3EAE-42F4-9308-2A1E77DE1557}",
                "IsDefault": 0,
                "IsOpen": 0,
                "Quality": 192,
                "Start": "2017-04-19T11:35:26.299Z",
                "StartNano": "131370753262998526",
                          "IsMicroStop": false
              },
              {
                "End": "2017-04-19T11:36:29.546Z",
                "EndNano": "131370753895460709",
                "InstanceId": "{745F7597-B839-4E22-B99E-44B1F896D6BB}",
                "IsDefault": 0,
                "IsOpen": 0,
                "Quality": 192,
                "Start": "2017-04-19T11:36:17.040Z",
                "StartNano": "131370753770408296",
                          "IsMicroStop": false
              },
              {
                "End": "2017-04-19T11:37:20.265Z",
                "EndNano": "131370754402650540",
                "InstanceId": "{8C73D063-777B-4E27-977A-E9EB2BE51448}",
                "IsDefault": 0,
                "IsOpen": 0,
                "Quality": 192,
                "Start": "2017-04-19T11:37:07.606Z",
                "StartNano": "131370754276068056",
                          "IsMicroStop": false
              },
              {
                "End": "2017-04-19T11:38:11.062Z",
                "EndNano": "131370754910621125",
                "InstanceId": "{2214B24A-C0FF-4301-923F-66C01FF24E14}",
                "IsDefault": 0,
                "IsOpen": 0,
                "Quality": 192,
                "Start": "2017-04-19T11:37:58.083Z",
                "StartNano": "131370754780839465",
                          "IsMicroStop": false
              },
              {
                "End": "2017-04-19T11:39:01.517Z",
                "EndNano": "131370755415176391",
                "InstanceId": "{0D379482-7631-4345-B06A-C44D12DE6856}",
                "IsDefault": 0,
                "IsOpen": 0,
                "Quality": 192,
                "Start": "2017-04-19T11:38:48.871Z",
                "StartNano": "131370755288715055",
                          "IsMicroStop": false
              },
              {
                "End": "2017-04-19T11:39:51.772Z",
                "EndNano": "131370755917721521",
                "InstanceId": "{5D895FF2-886F-4CE8-B4AD-AD3197C5AAF7}",
                "IsDefault": 0,
                "IsOpen": 0,
                "Quality": 192,
                "Start": "2017-04-19T11:39:39.328Z",
                "StartNano": "131370755793280797"
              },
              {
                "End": "2017-04-19T11:40:42.717Z",
                "EndNano": "131370756427177251",
                "InstanceId": "{A5996753-2251-491B-A06F-12CB090D8B39}",
                "IsDefault": 0,
                "IsOpen": 0,
                "Quality": 192,
                "Start": "2017-04-19T11:40:30.214Z",
                "StartNano": "131370756302146034",
                          "IsMicroStop": true
              },
              {
                "End": "2017-04-19T11:41:33.331Z",
                "EndNano": "131370756933315985",
                "InstanceId": "{09243C50-68F8-4926-8CDE-A0150E347F8F}",
                "IsDefault": 0,
                "IsOpen": 0,
                "Quality": 192,
                "Start": "2017-04-19T11:41:20.551Z",
                "StartNano": "131370756805511226",
                          "IsMicroStop": false
              },
              {
                "End": "2017-04-19T11:42:15.925Z",
                "EndNano": "131370757359250936",
                "InstanceId": "{043DE40C-749B-4E65-8BEE-EA2B7B5E2817}",
                "IsDefault": 0,
                "IsOpen": 0,
                "Quality": 192,
                "Start": "2017-04-19T11:42:05.727Z",
                "StartNano": "131370757257271773",
                          "IsMicroStop": false
              },
              {
                "End": "2017-04-19T11:43:00.101Z",
                "EndNano": "131370757801018634",
                "InstanceId": "{70A2E18E-3F8F-4489-846A-A4856FA7B691}",
                "IsDefault": 0,
                "IsOpen": 0,
                "Quality": 192,
                "Start": "2017-04-19T11:42:46.194Z",
                "StartNano": "131370757661948112",
                          "IsMicroStop": false
              },
              {
                "End": "2017-04-19T11:43:27.831Z",
                "EndNano": "131370758078310000",
                "InstanceId": "{F6502C9E-45E0-44A0-A92A-9732A1ABCC52}",
                "IsDefault": 0,
                "IsOpen": 1,
                "Quality": 192,
                "Start": "2017-04-19T11:43:30.491Z",
                "StartNano": "131370758104912270",
                          "IsMicroStop": false
              }
            ],
            "Type": 4
          },
          {
            "Color": "FFFFFF00",
            "Id": "1.744.60.0.0.0",
            "IsOverall": 0,
            "Name": "Stop",
            "Priority": 4,
            "Times": [
              {
                "End": "2017-04-19T11:34:09.916Z",
                "EndNano": "131370752499163765",
                "InstanceId": "{2540812A-C0D8-4BFC-B230-5F6D7161AB55}",
                "IsDefault": 0,
                "IsOpen": 0,
                "Quality": 192,
                "Start": "2017-04-19T11:33:57.864Z",
                "StartNano": "131370752378641466",
                          "IsMicroStop": false
              },
              {
                "End": "2017-04-19T11:35:01.182Z",
                "EndNano": "131370753011823659",
                "InstanceId": "{4DCB0318-A743-41C1-9565-F6B9A9776AA9}",
                "IsDefault": 0,
                "IsOpen": 0,
                "Quality": 192,
                "Start": "2017-04-19T11:34:48.226Z",
                "StartNano": "131370752882261175",
                          "IsMicroStop": false
              },
              {
                "End": "2017-04-19T11:35:51.174Z",
                "EndNano": "131370753511743318",
                "InstanceId": "{11FDDC5F-6AAE-4D92-909E-0FBF5D33CB62}",
                "IsDefault": 0,
                "IsOpen": 0,
                "Quality": 192,
                "Start": "2017-04-19T11:35:38.652Z",
                "StartNano": "131370753386520903"
              },
              {
                "End": "2017-04-19T11:36:42.236Z",
                "EndNano": "131370754022363161",
                "InstanceId": "{B6007993-16AC-414B-9863-375CC176C62F}",
                "IsDefault": 0,
                "IsOpen": 0,
                "Quality": 192,
                "Start": "2017-04-19T11:36:29.546Z",
                "StartNano": "131370753895460709"
              },
              {
                "End": "2017-04-19T11:37:32.726Z",
                "EndNano": "131370754527262902",
                "InstanceId": "{545866CB-C2AF-47F1-B52F-0DE2232EC395}",
                "IsDefault": 0,
                "IsOpen": 0,
                "Quality": 192,
                "Start": "2017-04-19T11:37:20.265Z",
                "StartNano": "131370754402650540",
                          "IsMicroStop": true
              },
              {
                "End": "2017-04-19T11:38:24.015Z",
                "EndNano": "131370755040152724",
                "InstanceId": "{12BD807B-39A6-40F8-832E-67724456B5ED}",
                "IsDefault": 0,
                "IsOpen": 0,
                "Quality": 192,
                "Start": "2017-04-19T11:38:11.062Z",
                "StartNano": "131370754910621125",
                          "IsMicroStop": false
              },
              {
                "End": "2017-04-19T11:39:14.517Z",
                "EndNano": "131370755545178045",
                "InstanceId": "{D2610761-3564-450F-A2CF-2E1FA4EB431F}",
                "IsDefault": 0,
                "IsOpen": 0,
                "Quality": 192,
                "Start": "2017-04-19T11:39:01.517Z",
                "StartNano": "131370755415176391",
                          "IsMicroStop": false
              },
              {
                "End": "2017-04-19T11:40:04.244Z",
                "EndNano": "131370756042442724",
                "InstanceId": "{4CF5CFB5-710C-4FE0-B0F1-74B3AED73638}",
                "IsDefault": 0,
                "IsOpen": 0,
                "Quality": 192,
                "Start": "2017-04-19T11:39:51.772Z",
                "StartNano": "131370755917721521",
                          "IsMicroStop": false
              },
              {
                "End": "2017-04-19T11:40:55.097Z",
                "EndNano": "131370756550978379",
                "InstanceId": "{FFBD78FD-9B0D-4293-9FB6-9C8706B93F33}",
                "IsDefault": 0,
                "IsOpen": 0,
                "Quality": 192,
                "Start": "2017-04-19T11:40:42.717Z",
                "StartNano": "131370756427177251",
                          "IsMicroStop": false
              },
              {
                "End": "2017-04-19T11:41:45.106Z",
                "EndNano": "131370757051063279",
                "InstanceId": "{731A48A3-AD46-4C06-9360-B55697525233}",
                "IsDefault": 0,
                "IsOpen": 0,
                "Quality": 192,
                "Start": "2017-04-19T11:41:33.331Z",
                "StartNano": "131370756933315985",
                          "IsMicroStop": false
              },
              {
                "End": "2017-04-19T11:42:26.011Z",
                "EndNano": "131370757460119986",
                "InstanceId": "{50D44200-90FD-40CB-B6A2-1E484D37A442}",
                "IsDefault": 0,
                "IsOpen": 0,
                "Quality": 192,
                "Start": "2017-04-19T11:42:15.925Z",
                "StartNano": "131370757359250936",
                          "IsMicroStop": false
              },
              {
                "End": "2017-04-19T11:43:10.269Z",
                "EndNano": "131370757902693197",
                "InstanceId": "{5D488B26-61BB-4A59-8173-D1DAD4951FA0}",
                "IsDefault": 0,
                "IsOpen": 0,
                "Quality": 192,
                "Start": "2017-04-19T11:43:00.101Z",
                "StartNano": "131370757801018634",
                          "IsMicroStop": true
              }
            ],
            "Type": 4
          }
        ]
      }
    ],
    "From": "2017-04-19T10:42:00.000Z",
    "To": "2017-04-19T12:42:00.000Z"
  }
]