﻿{
  "Data": [
    {
      "KPIResult": {
        "TimeRanges": [
          {
            "Contexts": [
              {
                "ContextName": "Empty",
                "EquipmentList": [
                  {
                    "EquipmentChromID": "1.730.1.0.0.0",
                    "EquipmentName": "RUNTIME_1::Eq1",
                    "KpiList": [
                      {
                        "KpiColor": "",
                        "KpiId": "0.733.0.0.0.0",
                        "KpiName": "AvgSpeed",
                        "KpiType": 0,
                        "KpiValue": {
                          "Type": 0,
                          "Value": 49.07150132409846,
                          "Quality": 256
                        },
                        "UoMDisplayName": "unit",
                        "p2": 0,
                        "p5": 0,
                        "p6": "[empty]",
                        "p7": 0,
                        "p8": "[empty]"
                      },
                      {
                        "KpiColor": "",
                        "KpiId": "0.736.0.0.0.0",
                        "KpiName": "TotalPieces",
                        "KpiType": 0,
                        "KpiValue": {
                          "Type": 0,
                          "Value": 19444,
                          "Quality": 344
                        },
                        "UoMDisplayName": "unit",
                        "p2": 0,
                        "p5": 0,
                        "p6": "[empty]",
                        "p7": 0,
                        "p8": "[empty]"
                      }
                    ]
                  }
                ]
              }
            ],
            "EndTime": "2017-04-13T07:52:00.000Z",
            "StartTime": "2017-04-01T06:52:00.000Z"
          }
        ]
      }
    }
  ]
}
